intent,time_of_day,location,device_type,gender,income_level
false,6,36 Grasskamp Hill,anorridge0@squarespace.com,Female,$6.90
false,19,7 Park Meadow Place,sclopton1@microsoft.com,Female,$6.58
false,77,95 Cascade Way,hbock2@blogtalkradio.com,Male,$5.41
true,50,669 Eagan Lane,ablunsom3@princeton.edu,Male,$7.35
false,99,84 Hanover Terrace,wedmonson4@gmpg.org,Male,$7.50
true,53,32 Towne Plaza,thess5@smh.com.au,Male,$6.35
false,82,5707 Laurel Street,jswainson6@addthis.com,Male,$7.52
false,77,14 Fallview Place,smckall7@istockphoto.com,Female,$0.23
false,46,2 Susan Point,tdineen8@dailymail.co.uk,Female,$1.43
true,14,665 Washington Lane,tclewley9@canalblog.com,Female,$8.04
false,33,666 Village Pass,rcroomea@google.nl,Male,$0.10
true,66,9128 Barnett Hill,kdannelb@wix.com,Male,$8.11
false,49,4455 Walton Point,ahurrenc@ehow.com,Male,$1.29
false,21,75 Farmco Crossing,yrawsthorned@themeforest.net,Female,$8.91
true,71,21402 Petterle Place,apallisere@macromedia.com,Male,$8.70
false,46,48 Bowman Court,jcaughtf@boston.com,Male,$0.61
false,8,739 Hudson Lane,trapag@nsw.gov.au,Genderqueer,$4.20
true,14,60836 Straubel Avenue,lhapperth@plala.or.jp,Male,$0.63
false,23,8 Talisman Avenue,kclowsleyi@cloudflare.com,Female,$2.34
false,93,953 Grim Lane,myacobsohnj@wiley.com,Male,$8.05
false,63,332 Banding Junction,istraniok@pbs.org,Bigender,$3.36
false,73,44 International Way,gsteuartl@icio.us,Non-binary,$3.36
false,79,7773 7th Drive,jwolstenholmem@wikipedia.org,Female,$5.52
false,49,061 Graedel Alley,jhumbeen@icq.com,Female,$8.02
false,39,3 Holmberg Circle,awhitmoreo@yahoo.com,Female,$0.25
false,86,113 Reindahl Place,aedmeadsp@fema.gov,Male,$8.58
false,10,2858 Evergreen Road,aatlayq@microsoft.com,Female,$7.65
false,29,53308 Springview Hill,dmcgeaghr@cdbaby.com,Male,$8.97
true,78,6 Elgar Junction,kmossbees@tinyurl.com,Female,$7.28
true,10,560 Rusk Road,dcornillt@whitehouse.gov,Male,$0.07
false,84,69341 Schlimgen Point,nakastu@google.co.uk,Female,$9.12
false,22,9764 Derek Avenue,cbelbinv@quantcast.com,Male,$8.45
false,29,32 Holy Cross Way,dstyantw@symantec.com,Male,$8.46
true,45,256 Mesta Lane,awarbyx@miitbeian.gov.cn,Female,$7.13
false,77,26967 Autumn Leaf Road,nwetherelly@spiegel.de,Female,$1.03
false,24,12705 Crest Line Hill,jgiacopeloz@sciencedirect.com,Female,$5.31
false,21,8741 Grover Road,nwolfe10@weibo.com,Male,$0.70
true,70,9 Saint Paul Circle,adebeauchemp11@ucsd.edu,Female,$1.61
false,32,5769 Scofield Lane,bkirdsch12@sakura.ne.jp,Male,$5.01
true,44,78 Corscot Way,bizzatt13@elegantthemes.com,Female,$0.25
false,25,3 Forest Run Street,ehayland14@desdev.cn,Polygender,$4.58
false,59,7 Paget Trail,cgrebner15@gnu.org,Female,$5.66
false,4,16200 Sugar Junction,kbellefant16@edublogs.org,Female,$5.37
false,69,89 Sutteridge Road,ccheston17@mozilla.org,Male,$2.37
false,75,78052 Vernon Alley,wnockalls18@woothemes.com,Male,$8.14
true,10,2745 2nd Alley,khalahan19@psu.edu,Female,$3.42
true,46,54496 Coolidge Plaza,vstuchburie1a@mashable.com,Female,$1.60
false,49,44676 High Crossing Center,esaddington1b@mapy.cz,Male,$0.55
false,8,73613 Heath Drive,agegay1c@odnoklassniki.ru,Male,$4.84
true,60,9 Victoria Way,mborres1d@smugmug.com,Male,$8.36
true,74,33691 Towne Hill,mseldner1e@aol.com,Female,$9.09
true,55,72 Pennsylvania Road,sausher1f@nydailynews.com,Male,$0.93
false,65,5649 Barby Drive,hcallender1g@yellowbook.com,Male,$3.56
true,17,0291 Lakeland Junction,dsaltmarsh1h@dedecms.com,Female,$3.46
false,41,28964 Mockingbird Road,elambol1i@furl.net,Male,$6.66
true,34,2806 Alpine Lane,cdudbridge1j@slate.com,Male,$8.74
true,31,5100 Dayton Terrace,pdaymond1k@mozilla.org,Male,$7.91
false,71,3 Sycamore Crossing,mbresson1l@gnu.org,Male,$0.48
true,37,2 Porter Pass,mmoylan1m@economist.com,Male,$1.98
true,8,550 Dixon Parkway,rmckane1n@nps.gov,Male,$2.61
false,35,7 Lindbergh Center,tegan1o@bloomberg.com,Male,$8.48
true,43,3634 Maple Wood Point,hcaulkett1p@loc.gov,Female,$9.53
true,78,7017 Londonderry Plaza,flinebarger1q@acquirethisname.com,Male,$6.74
true,55,63089 Redwing Way,gzoellner1r@yolasite.com,Genderfluid,$1.93
true,73,07465 Kedzie Alley,dthurby1s@webeden.co.uk,Male,$7.47
true,18,9096 Hanover Park,icline1t@blogtalkradio.com,Male,$7.59
false,5,32 Old Gate Pass,tkiraly1u@howstuffworks.com,Male,$3.46
true,34,5 Sauthoff Crossing,npiniur1v@studiopress.com,Female,$9.64
false,11,69114 Autumn Leaf Way,aguslon1w@wikia.com,Female,$1.92
true,15,90985 Bluejay Way,creedyhough1x@cocolog-nifty.com,Female,$8.03
true,85,56880 Ilene Lane,vpetersen1y@usda.gov,Female,$8.21
false,55,2867 Sloan Park,aargyle1z@state.tx.us,Male,$8.21
true,41,77800 Thierer Junction,amilier20@unicef.org,Male,$0.93
false,61,92 Sage Plaza,sdormon21@ted.com,Female,$1.71
false,40,96 Pine View Parkway,pbrozek22@usda.gov,Female,$2.17
true,38,88 Scott Street,lmackney23@google.pl,Male,$8.20
false,100,77495 Grasskamp Drive,kdash24@goo.gl,Male,$1.29
true,21,8793 Red Cloud Road,mhalliwell25@usda.gov,Male,$1.92
false,86,9 Scofield Street,pmctague26@oakley.com,Female,$6.43
true,79,82112 Elka Trail,laucoate27@boston.com,Male,$3.08
true,6,7 Jana Court,wmacken28@t-online.de,Female,$0.23
false,63,0 Warrior Drive,mhaste29@shutterfly.com,Male,$0.90
false,48,76 Pepper Wood Crossing,ltwelve2a@usnews.com,Male,$0.20
true,77,94607 Clemons Parkway,dkops2b@t-online.de,Male,$7.43
false,5,894 Badeau Center,cwoolham2c@soundcloud.com,Male,$3.06
false,81,01097 Moose Point,cderl2d@exblog.jp,Male,$1.71
false,56,562 Mifflin Circle,mpanther2e@a8.net,Female,$7.19
true,21,0 Karstens Road,jrate2f@columbia.edu,Female,$5.38
false,79,7 Grim Place,eheeps2g@cyberchimps.com,Male,$9.85
false,72,95 Spaight Terrace,scastree2h@google.com.au,Female,$8.47
true,63,6 Grayhawk Place,aferro2i@pcworld.com,Female,$3.26
false,3,3923 Golf Course Terrace,lharbord2j@forbes.com,Male,$5.56
true,34,6545 Annamark Trail,rplayden2k@surveymonkey.com,Female,$0.35
false,59,14 Golden Leaf Junction,uduckfield2l@unblog.fr,Genderfluid,$4.10
true,73,0 Mcguire Lane,mrosendahl2m@de.vu,Male,$4.04
false,66,4 Barnett Point,kbeamont2n@a8.net,Agender,$1.63
true,13,17076 Glendale Lane,ascoggin2o@123-reg.co.uk,Female,$2.18
false,58,9 Lake View Terrace,vcritten2p@xing.com,Female,$7.12
true,71,87068 2nd Alley,rwillavoys2q@yahoo.com,Male,$1.06
false,61,2874 Everett Drive,oandrejs2r@homestead.com,Female,$6.75
true,84,34528 Dixon Road,silem2s@jimdo.com,Female,$1.00
false,30,092 Blackbird Drive,dconachy2t@china.com.cn,Female,$2.07
true,64,66 Sherman Circle,tsprade2u@opera.com,Female,$4.45
true,15,0078 Center Plaza,clichtfoth2v@youku.com,Male,$7.30
true,51,928 Rieder Way,vmccarrison2w@live.com,Female,$9.87
true,18,477 Moland Terrace,cdaleman2x@stumbleupon.com,Female,$3.67
true,56,4747 Pond Pass,bmcclinton2y@google.nl,Female,$3.60
false,95,64533 Brentwood Parkway,jstrephan2z@booking.com,Female,$8.26
true,92,7521 Lotheville Lane,bmogg30@walmart.com,Polygender,$2.29
false,58,117 Mockingbird Park,lmaeer31@umich.edu,Female,$1.60
false,26,8380 Monica Terrace,hvercruysse32@freewebs.com,Female,$1.18
true,51,59214 Village Green Center,apirrie33@wunderground.com,Male,$3.32
true,77,4 Dottie Parkway,lmcaleese34@storify.com,Male,$9.86
false,3,11246 Graedel Alley,togilvie35@hao123.com,Female,$8.38
true,20,1 Hanover Plaza,lyeeles36@about.me,Female,$1.50
true,53,3 Hoard Street,svallens37@desdev.cn,Male,$8.76
false,91,5 Cottonwood Crossing,msievewright38@hugedomains.com,Female,$2.52
false,3,07702 Acker Pass,ktollit39@umich.edu,Female,$1.80
true,25,9 Kenwood Road,arich3a@51.la,Female,$1.36
true,87,83422 Sullivan Crossing,nlatour3b@answers.com,Male,$7.15
true,42,3758 Corben Plaza,lcraighead3c@desdev.cn,Female,$4.73
true,22,1168 Toban Place,cvuitton3d@admin.ch,Male,$7.08
false,88,15590 High Crossing Alley,apetrollo3e@gravatar.com,Male,$1.82
false,22,69836 Sunbrook Drive,wpitrollo3f@deliciousdays.com,Male,$3.50
false,41,94776 Forest Street,mlogg3g@nps.gov,Female,$6.35
true,3,4 Mosinee Trail,lmaxsted3h@jalbum.net,Male,$5.46
false,20,83 Harbort Plaza,gnethercott3i@oakley.com,Male,$5.62
false,30,18 Mifflin Court,mbellefant3j@mapy.cz,Female,$3.65
true,53,9158 Kensington Avenue,jmorby3k@pinterest.com,Male,$2.67
false,13,99998 Longview Trail,bkellert3l@loc.gov,Male,$2.12
false,95,98190 Susan Road,rhessel3m@google.com.br,Female,$4.47
true,46,69 Utah Street,hdezamudio3n@senate.gov,Female,$4.34
true,2,324 Macpherson Place,mlongford3o@google.ca,Male,$4.72
false,20,341 Grayhawk Drive,ctuiller3p@who.int,Male,$3.36
false,1,075 Sycamore Parkway,msimanek3q@mapquest.com,Agender,$4.27
false,95,9312 Pleasure Avenue,cgounot3r@moonfruit.com,Female,$6.26
true,31,0 Texas Avenue,ctaffley3s@paginegialle.it,Male,$6.39
true,44,01753 Green Way,myosselevitch3t@wsj.com,Female,$3.33
false,58,86517 Delladonna Trail,rcasey3u@barnesandnoble.com,Female,$2.48
false,69,7455 Manitowish Road,pbolmann3v@discovery.com,Female,$1.68
true,9,2430 Charing Cross Way,sdawes3w@cpanel.net,Female,$4.64
true,77,6708 Hoard Court,gwagg3x@redcross.org,Male,$5.12
true,58,7427 Mosinee Street,nmandeville3y@imdb.com,Male,$9.96
false,79,0777 Montana Street,csedgmond3z@feedburner.com,Female,$1.39
false,12,92368 Barnett Trail,lheppenspall40@cam.ac.uk,Female,$1.65
true,3,09715 Dapin Terrace,drudgerd41@ibm.com,Female,$8.70
true,23,9 Truax Junction,bsayers42@earthlink.net,Female,$8.66
true,25,49214 Luster Road,zdecarteret43@jimdo.com,Male,$4.34
true,68,7195 Canary Park,sswyn44@youtu.be,Female,$9.70
true,82,02428 Bobwhite Parkway,nstephen45@sciencedaily.com,Male,$4.25
false,11,419 Glendale Road,jmourant46@wikimedia.org,Female,$2.92
false,41,35 Jana Terrace,jjunes47@goodreads.com,Male,$9.55
true,34,4316 Maple Wood Circle,kloton48@amazon.co.jp,Male,$0.30
false,36,59123 Clarendon Drive,promeuf49@theguardian.com,Male,$0.84
true,25,37 Washington Place,astubbins4a@foxnews.com,Male,$5.22
false,69,165 Oxford Court,mjoret4b@xinhuanet.com,Female,$0.88
true,31,621 Kropf Court,dbilham4c@google.com.hk,Female,$5.81
true,3,08 Eggendart Trail,lgirardini4d@sitemeter.com,Male,$7.07
true,89,623 Novick Plaza,jbugden4e@shop-pro.jp,Male,$5.45
true,50,4 Gerald Lane,mhannah4f@wisc.edu,Female,$6.15
true,53,2773 Hoepker Hill,drecords4g@4shared.com,Female,$7.28
false,88,113 Stone Corner Alley,mtegler4h@yahoo.com,Polygender,$1.81
true,8,61311 Corben Point,vudden4i@scientificamerican.com,Female,$8.63
true,31,772 Towne Avenue,brizzini4j@cnbc.com,Male,$3.61
true,100,88273 Anniversary Park,kfolbigg4k@networksolutions.com,Male,$4.57
true,18,4878 Hansons Drive,cwilacot4l@odnoklassniki.ru,Male,$8.35
true,48,1539 Maywood Avenue,bfarlamb4m@woothemes.com,Female,$8.13
false,5,47776 Acker Pass,bwahncke4n@cnn.com,Female,$2.40
true,73,65992 Pierstorff Terrace,kmcdonnell4o@mayoclinic.com,Male,$5.17
false,38,6768 Ryan Crossing,adust4p@vkontakte.ru,Female,$8.03
false,70,68 Armistice Trail,mgoom4q@geocities.com,Male,$6.20
false,32,64723 Fordem Hill,cmacpaike4r@walmart.com,Male,$3.69
false,93,4 Hollow Ridge Plaza,ppetrovic4s@mozilla.org,Female,$1.31
true,62,531 Pankratz Hill,myearnsley4t@360.cn,Female,$3.34
true,64,848 Burning Wood Center,treidie4u@imgur.com,Male,$8.46
false,46,9 Victoria Trail,rhunton4v@time.com,Male,$9.70
false,24,8908 Londonderry Drive,udimmock4w@noaa.gov,Male,$3.50
false,90,2048 Waxwing Center,cmartindale4x@vinaora.com,Female,$1.84
false,69,7029 Sommers Pass,kolech4y@baidu.com,Male,$8.55
false,40,606 Granby Crossing,theavyside4z@hostgator.com,Female,$3.30
true,15,9 Packers Point,omcjarrow50@netvibes.com,Female,$3.81
true,18,1 Hooker Center,bleacy51@wikimedia.org,Male,$9.40
true,2,933 Kings Pass,oegdal52@dion.ne.jp,Male,$3.77
false,29,96186 Dixon Point,astockman53@webs.com,Male,$9.19
true,86,5037 Ronald Regan Street,tjohncey54@yellowpages.com,Female,$7.55
false,78,89 Hovde Pass,lchamberlaine55@skyrock.com,Male,$1.80
false,2,8959 Roxbury Alley,bmartinot56@usatoday.com,Female,$1.70
false,14,7799 Comanche Trail,lwichard57@forbes.com,Agender,$2.81
false,21,3 Harper Lane,amartyn58@earthlink.net,Male,$3.03
false,76,296 Summer Ridge Crossing,chuson59@toplist.cz,Male,$7.80
true,38,1546 Kedzie Hill,burridge5a@hostgator.com,Female,$4.41
true,80,6 Mccormick Court,gdeerr5b@meetup.com,Male,$2.75
true,17,3 7th Court,sbesnard5c@economist.com,Male,$2.60
true,73,384 Debs Parkway,kpicton5d@lycos.com,Male,$3.44
false,10,231 Kennedy Lane,mtwiggins5e@github.com,Male,$3.84
true,90,053 Linden Parkway,iharbor5f@irs.gov,Female,$7.67
false,10,9 Union Hill,sslewcock5g@soundcloud.com,Male,$8.82
false,50,31051 Thackeray Hill,cfloodgate5h@nature.com,Female,$3.27
false,96,79435 Buell Park,mwynch5i@imdb.com,Male,$2.93
true,6,9363 Crest Line Point,dhawkey5j@ezinearticles.com,Female,$3.70
false,70,617 Ryan Junction,sphlippsen5k@wikia.com,Male,$2.71
true,69,3 Bowman Park,hlangmaid5l@ucsd.edu,Male,$5.36
true,34,5333 Northfield Trail,domar5m@fema.gov,Male,$8.65
false,8,074 Transport Street,erennison5n@de.vu,Female,$5.88
true,23,47 Lillian Center,sfraczkiewicz5o@ucoz.ru,Female,$6.38
true,27,0 Dryden Terrace,hfitzackerley5p@prnewswire.com,Male,$5.24
false,39,836 Homewood Terrace,sdiperaus5q@geocities.com,Male,$0.17
false,2,2 Dawn Drive,kmeier5r@wp.com,Female,$3.93
false,13,4814 Norway Maple Hill,dcorking5s@discovery.com,Male,$9.21
false,71,9 Oak Valley Road,cbraley5t@answers.com,Male,$4.08
false,86,3 Coolidge Pass,ntschursch5u@livejournal.com,Female,$2.98
true,86,091 Armistice Point,regle5v@woothemes.com,Male,$2.35
true,52,92614 Darwin Circle,nelbourne5w@imgur.com,Female,$4.01
true,77,28499 Bluejay Trail,pcyseley5x@army.mil,Male,$2.84
false,86,34457 Rieder Crossing,jdossettor5y@ezinearticles.com,Male,$9.38
false,85,4 Gale Park,tranklin5z@home.pl,Female,$5.43
false,77,7893 Myrtle Alley,eoldacre60@mit.edu,Male,$9.34
true,15,794 Westerfield Place,itissington61@creativecommons.org,Male,$5.58
true,48,31413 Independence Way,smanford62@berkeley.edu,Male,$0.71
false,30,1181 Stoughton Alley,weminson63@sina.com.cn,Male,$2.75
false,91,06 Dunning Alley,mgosney64@yale.edu,Male,$5.28
true,32,145 Maple Place,vpovele65@globo.com,Male,$8.74
true,42,021 Clemons Avenue,aschruyer66@dropbox.com,Male,$8.26
false,39,802 Division Place,cbront67@github.io,Male,$7.30
true,52,67376 Monica Center,bbuttress68@photobucket.com,Male,$2.87
true,33,55 Roxbury Circle,fbleakley69@businessweek.com,Male,$4.15
false,43,55 Hooker Terrace,rrigden6a@wisc.edu,Female,$1.84
true,95,6 Crest Line Parkway,hmacgillivray6b@zdnet.com,Male,$9.27
false,26,27716 Randy Street,rweond6c@angelfire.com,Male,$7.52
false,95,95016 Coolidge Parkway,tcescoti6d@ucsd.edu,Polygender,$9.94
false,53,910 Dovetail Plaza,akingzeth6e@over-blog.com,Female,$4.66
true,40,49 Surrey Parkway,ebobasch6f@nps.gov,Male,$1.10
false,76,44 Glendale Center,jwitard6g@multiply.com,Male,$8.08
false,58,48 Mallard Parkway,amatuska6h@spiegel.de,Male,$7.67
false,80,827 Sachs Avenue,lcabena6i@businessweek.com,Female,$1.64
true,90,1528 Lillian Center,mforeman6j@europa.eu,Male,$4.93
false,89,7 Spohn Alley,aoruane6k@blogspot.com,Female,$5.63
false,13,2 Butterfield Point,vmurrish6l@bbc.co.uk,Female,$7.80
false,22,302 Surrey Circle,wdakers6m@typepad.com,Female,$4.38
false,63,09657 Beilfuss Circle,jdrake6n@mozilla.com,Female,$1.64
false,34,4 Milwaukee Way,tsoames6o@craigslist.org,Male,$8.31
true,1,0522 Kropf Place,opeppett6p@blinklist.com,Non-binary,$1.84
true,66,7 Fair Oaks Road,hbende6q@cdbaby.com,Female,$2.24
false,67,86860 Dunning Road,jcivitillo6r@freewebs.com,Female,$9.86
false,56,989 Ridgeway Lane,ctidder6s@whitehouse.gov,Male,$8.07
true,31,45845 Magdeline Junction,sjohn6t@nih.gov,Male,$1.77
false,28,34360 Oak Valley Park,fscrymgeour6u@t.co,Male,$1.81
false,47,6 Rigney Pass,bjayme6v@google.ru,Female,$4.23
false,42,31 Schiller Junction,bstonebridge6w@github.io,Male,$0.63
false,7,2335 Stone Corner Terrace,cseth6x@google.ru,Polygender,$5.35
true,96,3158 Jana Trail,dmilington6y@senate.gov,Female,$8.45
false,55,55 Helena Plaza,rlawranson6z@usa.gov,Bigender,$1.85
true,84,8038 Carpenter Alley,rcrummay70@wikimedia.org,Male,$7.06
true,81,91090 Kinsman Circle,rchinnock71@examiner.com,Male,$4.99
false,76,7278 Little Fleur Pass,emyford72@webmd.com,Male,$0.93
false,28,0 Kipling Road,tthomen73@netscape.com,Female,$7.54
false,74,785 Myrtle Park,mguerola74@businessweek.com,Female,$1.37
false,24,2357 Kings Trail,sgrewer75@ed.gov,Female,$5.97
true,46,5510 Eagan Street,efargher76@myspace.com,Non-binary,$8.63
true,48,9510 Esch Plaza,mdavidge77@naver.com,Male,$3.22
false,68,2525 Lerdahl Plaza,nlucks78@seesaa.net,Female,$5.06
true,99,77 Dawn Lane,pclopton79@dell.com,Female,$1.42
false,12,7876 Shoshone Way,zsima7a@cafepress.com,Male,$8.84
false,2,8 Paget Parkway,lblakeden7b@opera.com,Male,$8.91
false,28,6536 Brickson Park Point,pohern7c@mail.ru,Agender,$5.32
false,44,1927 Aberg Plaza,hmullinder7d@linkedin.com,Female,$5.95
true,5,731 Rutledge Center,asends7e@newyorker.com,Male,$6.60
false,64,0 Declaration Hill,lbygraves7f@creativecommons.org,Female,$7.87
false,34,5502 Butternut Center,gturfrey7g@google.pl,Female,$6.18
false,30,28898 Express Way,pstanmore7h@jigsy.com,Female,$4.18
true,9,9 Susan Drive,ccatterson7i@ifeng.com,Genderqueer,$8.30
false,91,92 Hudson Parkway,aallso7j@istockphoto.com,Male,$4.15
true,97,9070 Oak Place,lcristofano7k@plala.or.jp,Female,$8.74
false,66,527 Prairieview Street,fcarlozzi7l@weibo.com,Male,$0.51
false,64,0275 Bonner Alley,cdebernardi7m@sogou.com,Female,$2.14
true,80,9 Express Lane,vcochern7n@netscape.com,Male,$6.47
true,17,94752 Scoville Lane,eroswarn7o@merriam-webster.com,Male,$2.72
true,5,426 Clarendon Hill,zringrose7p@cyberchimps.com,Male,$0.86
false,71,592 Bluejay Alley,brushsorth7q@gnu.org,Female,$4.52
true,32,096 Kensington Circle,eslevin7r@cnbc.com,Male,$1.50
false,61,666 Garrison Alley,kalberti7s@stumbleupon.com,Male,$1.58
false,41,12688 Clemons Parkway,bpedersen7t@fastcompany.com,Male,$2.91
true,21,596 Iowa Point,tboriston7u@nba.com,Male,$5.78
true,36,573 Arrowood Alley,mcraigheid7v@princeton.edu,Male,$7.17
false,63,085 Basil Pass,fsalack7w@qq.com,Male,$2.94
false,98,55120 Sunfield Hill,dheber7x@aboutads.info,Male,$4.58
false,43,1 Nova Pass,cmedford7y@fc2.com,Female,$6.16
true,8,30 Maple Terrace,nacres7z@adobe.com,Female,$3.16
true,39,36448 Everett Road,sblewis80@livejournal.com,Female,$6.38
true,41,5 Dovetail Alley,cbonnell81@spotify.com,Female,$5.65
false,20,52631 Harper Center,ebrunet82@parallels.com,Female,$3.89
true,20,2843 Bobwhite Terrace,kmatthius83@moonfruit.com,Male,$4.10
false,30,1 School Road,ecours84@slideshare.net,Female,$7.08
false,67,9131 Pennsylvania Road,rrain85@tiny.cc,Female,$8.34
true,14,7 Pleasure Trail,cmelior86@cnbc.com,Agender,$6.66
false,66,1766 Loftsgordon Plaza,mwiddall87@uiuc.edu,Male,$4.94
true,86,62197 Oneill Way,mhugonnet88@bloomberg.com,Male,$1.93
true,96,35 Darwin Junction,phalfacree89@sourceforge.net,Female,$6.39
true,24,06 Evergreen Road,sriste8a@jimdo.com,Female,$1.64
false,9,6095 Sherman Court,mjirek8b@ft.com,Female,$9.71
true,6,947 Hudson Junction,jhaylock8c@newyorker.com,Male,$8.99
false,12,395 Dwight Point,gpool8d@qq.com,Male,$5.69
true,79,8 Ridgeview Street,lgauchier8e@epa.gov,Agender,$5.60
false,46,91464 Charing Cross Road,ljordeson8f@tiny.cc,Bigender,$1.80
false,48,5 East Point,lotteridge8g@cafepress.com,Female,$3.47
false,83,2415 Maple Junction,htummons8h@thetimes.co.uk,Female,$0.56
true,79,150 Northland Plaza,vgoadbie8i@google.co.jp,Female,$2.16
true,49,20 Knutson Center,ccaren8j@dot.gov,Female,$3.31
true,23,14 Village Junction,anaptine8k@istockphoto.com,Male,$5.59
true,52,74227 Graceland Crossing,tkier8l@mac.com,Female,$7.18
true,70,5173 Coolidge Street,mnys8m@unesco.org,Female,$8.65
false,32,5198 Spohn Pass,jmaccourt8n@w3.org,Female,$8.46
false,35,4854 5th Lane,cgillum8o@plala.or.jp,Female,$0.67
false,55,2 Rockefeller Trail,eochiltree8p@moonfruit.com,Male,$6.26
false,25,06127 Novick Street,epalay8q@altervista.org,Male,$2.48
false,98,7919 Hudson Park,astearn8r@tripadvisor.com,Female,$1.93
false,52,3257 Pine View Hill,kikins8s@discuz.net,Male,$1.54
false,36,8 Emmet Plaza,fchetwynd8t@about.com,Bigender,$3.32
true,5,6401 Blue Bill Park Center,tgabbitus8u@washingtonpost.com,Female,$5.30
false,67,0618 Laurel Terrace,cmaccart8v@ow.ly,Male,$3.64
false,93,08052 Menomonie Plaza,mthunderman8w@pbs.org,Polygender,$3.89
true,62,078 Erie Avenue,blyburn8x@lulu.com,Genderfluid,$6.28
false,18,59786 Daystar Parkway,meynon8y@hc360.com,Female,$6.42
false,87,95211 Division Road,lcarles8z@businessweek.com,Female,$3.37
true,40,9 Ridgeview Lane,phalsho90@blogspot.com,Male,$8.07
true,77,1767 8th Way,kbradder91@nationalgeographic.com,Female,$4.86
false,40,0402 Quincy Point,gghost92@redcross.org,Male,$6.87
true,16,9701 Valley Edge Alley,imullord93@cbsnews.com,Female,$1.15
false,60,42 Dorton Street,tpennings94@nba.com,Male,$9.57
true,78,7398 Green Ridge Drive,obaynom95@buzzfeed.com,Genderqueer,$2.50
true,27,4 Blue Bill Park Place,gthaxter96@earthlink.net,Female,$3.97
false,66,287 Mendota Parkway,gilyunin97@umn.edu,Female,$6.09
false,47,7692 Sycamore Way,chamber98@apple.com,Male,$7.58
false,14,23887 Pankratz Place,kchildes99@blogtalkradio.com,Female,$0.25
false,57,4 Vidon Circle,tgadson9a@aboutads.info,Male,$3.02
true,69,55914 Dixon Junction,dheads9b@mit.edu,Female,$8.52
true,59,00 Ronald Regan Parkway,challiburton9c@samsung.com,Female,$9.58
true,31,590 Crest Line Point,aleas9d@wisc.edu,Female,$5.49
false,13,197 Fairfield Parkway,kcoton9e@salon.com,Male,$7.29
true,50,1127 Logan Street,rscolts9f@umich.edu,Male,$8.19
false,57,12 Kedzie Place,cgallgher9g@sbwire.com,Male,$3.34
true,84,862 Rowland Court,cgiller9h@digg.com,Male,$8.25
false,11,26 Lillian Parkway,oflanne9i@cornell.edu,Female,$0.04
false,85,65 Pawling Court,zmaylor9j@phpbb.com,Genderqueer,$1.39
true,62,35 Wayridge Way,wdietmar9k@ftc.gov,Female,$7.90
false,8,27 Welch Lane,sabrahams9l@bbb.org,Female,$7.78
true,26,96737 Clarendon Circle,dmorley9m@prweb.com,Female,$3.38
false,86,93 Hanson Lane,rtrinder9n@livejournal.com,Female,$1.97
false,46,0861 2nd Avenue,tgarretson9o@newyorker.com,Female,$9.64
true,48,76 Clove Trail,senglishby9p@tamu.edu,Female,$7.77
true,63,39 Mallard Trail,lpixton9q@ycombinator.com,Male,$1.08
true,74,56 Pearson Avenue,iclapp9r@dmoz.org,Female,$4.02
true,42,2189 Transport Parkway,afrenchum9s@ft.com,Female,$2.11
true,14,3506 Mandrake Crossing,jbullin9t@fema.gov,Agender,$2.95
false,69,392 Randy Way,nsanti9u@devhub.com,Male,$3.57
false,78,33 Ridgeview Center,dmcdyer9v@vimeo.com,Female,$2.13
false,28,09 Moulton Way,rdraycott9w@instagram.com,Female,$5.99
false,65,993 Northview Hill,aspeedin9x@ask.com,Male,$9.62
false,50,38345 Gale Avenue,bhouliston9y@mozilla.org,Female,$5.53
true,57,749 Maple Road,gbentall9z@boston.com,Male,$3.36
true,83,520 Mockingbird Park,gmatleya0@tuttocitta.it,Female,$8.46
true,58,59 Sherman Parkway,evillareta1@vkontakte.ru,Male,$0.92
true,99,0 Oriole Lane,vbestara2@issuu.com,Female,$0.99
true,36,840 Esker Center,fdixseea3@goo.ne.jp,Male,$9.84
false,88,29 Anderson Drive,fcudda4@unblog.fr,Female,$6.98
true,39,9186 Sunbrook Plaza,wglassa5@mit.edu,Female,$5.66
true,98,192 Coolidge Street,fthurstana6@wired.com,Male,$3.46
true,38,0644 Southridge Hill,veppa7@163.com,Male,$0.21
true,55,41 Kensington Drive,msharpea8@mozilla.org,Male,$4.84
false,26,400 Westend Pass,csherburna9@reddit.com,Male,$8.93
false,2,331 Raven Pass,mmccowenaa@youku.com,Male,$4.50
true,69,57 Mallard Place,fhadleeab@noaa.gov,Male,$4.44
false,17,048 Eagle Crest Street,yquineyac@hexun.com,Male,$0.04
true,40,47825 Farragut Trail,dbladenad@whitehouse.gov,Female,$4.43
true,52,5568 Ridgeway Park,rmagovernae@hibu.com,Male,$0.96
true,62,28550 Goodland Pass,ninettaf@plala.or.jp,Male,$1.17
true,3,3 Linden Crossing,griltonag@indiatimes.com,Male,$5.37
false,65,96215 Warner Plaza,sramelotah@nature.com,Female,$0.24
true,64,46192 Stang Hill,rmackeeverai@reddit.com,Male,$7.17
false,15,4 Clove Road,acroleyaj@hud.gov,Male,$1.18
true,41,49770 Delaware Park,wmocquerak@yolasite.com,Male,$9.42
true,13,1 Hoard Road,bclutterbuckal@ftc.gov,Female,$9.23
false,89,28 Larry Avenue,mbrookzieam@google.nl,Male,$3.72
true,73,5 Garrison Place,wpratoran@samsung.com,Male,$5.13
false,78,43777 Loeprich Center,htrazziao@discuz.net,Male,$5.70
false,68,06766 Arizona Crossing,uchawnerap@imdb.com,Female,$9.08
true,30,5007 Starling Place,nfollenaq@youtu.be,Female,$9.74
false,33,4 Lakewood Gardens Court,cmeadowsar@nationalgeographic.com,Male,$5.69
false,86,83 Golden Leaf Place,gharnimanas@blogger.com,Female,$8.24
true,44,12 Fremont Point,bclokeat@nymag.com,Genderqueer,$0.68
true,2,717 Dapin Crossing,mneelyau@wisc.edu,Male,$7.00
true,18,8172 Golf Parkway,cciricav@sitemeter.com,Male,$8.66
true,42,60 Muir Way,akezourecaw@census.gov,Male,$1.86
false,82,4 Lien Crossing,jplaideax@chicagotribune.com,Male,$6.74
true,21,79950 Northwestern Junction,acoxonay@adobe.com,Female,$5.85
true,4,15 Summer Ridge Terrace,jgraingeraz@techcrunch.com,Male,$3.46
true,93,55821 Fisk Circle,vblaydonb0@flickr.com,Male,$2.25
true,56,0 Utah Way,llarcherb1@google.nl,Male,$9.75
true,46,6174 Melrose Way,cmalingb2@alexa.com,Male,$1.78
false,94,3436 Fieldstone Parkway,rmeertb3@springer.com,Female,$1.13
true,11,46087 8th Street,ehaneyb4@cnet.com,Male,$7.03
true,57,6 Crest Line Terrace,wwolfendellb5@hud.gov,Female,$3.00
true,93,68086 Larry Street,hcasewellb6@imdb.com,Female,$3.46
false,25,13301 Pierstorff Pass,syeendb7@ucoz.ru,Male,$9.03
false,72,91428 Glacier Hill Place,jrentcomeb8@dailymail.co.uk,Female,$3.86
false,40,46 Aberg Plaza,adenningb9@msu.edu,Female,$6.06
true,5,30154 Iowa Center,agrenehamba@berkeley.edu,Male,$1.21
false,45,1297 Monica Plaza,ibrazurbb@shinystat.com,Male,$1.41
false,22,926 Ryan Alley,cstaddartbc@ed.gov,Female,$2.02
true,85,09 Bultman Place,mwhitleybd@topsy.com,Female,$0.80
true,22,5571 Sutteridge Center,vgothupbe@webs.com,Female,$7.79
true,51,926 Beilfuss Drive,hcrombbf@icq.com,Female,$3.67
false,15,538 Sheridan Place,blempelbg@hhs.gov,Female,$1.32
true,16,53824 Sherman Circle,sbeelsbh@altervista.org,Non-binary,$4.36
false,65,6 Straubel Road,gknowlesbi@ameblo.jp,Female,$2.28
false,25,74 Vermont Point,cbewbj@prnewswire.com,Female,$4.72
true,10,9 Darwin Court,bbeninibk@wisc.edu,Male,$9.64
true,74,66 Jana Place,pkillfordbl@vimeo.com,Male,$0.23
false,22,6450 Alpine Pass,rkeynesbm@vinaora.com,Female,$9.38
true,79,20 4th Center,adoelbn@live.com,Male,$1.28
false,37,96368 Manley Lane,dguinanbo@nifty.com,Male,$2.16
true,81,02768 Schiller Terrace,brichardinbp@yahoo.com,Male,$1.37
true,83,3 Grover Road,fselburnbq@bing.com,Female,$9.06
false,6,68 Warner Street,vplentybr@oakley.com,Male,$6.93
false,67,699 Thompson Trail,abisikerbs@npr.org,Female,$8.67
true,31,4 Prentice Alley,asoanbt@squidoo.com,Female,$9.74
true,52,6 Gale Trail,obeevorsbu@opera.com,Female,$4.68
false,93,0784 Grayhawk Center,tsailorbv@tinyurl.com,Male,$3.91
true,2,55 Tennyson Drive,ihoustonbw@wordpress.org,Polygender,$1.72
true,31,19 Crescent Oaks Parkway,cgianullibx@ehow.com,Male,$8.30
true,82,5124 Kings Junction,lclineckby@ameblo.jp,Male,$1.22
false,25,41 Hoffman Parkway,chinrichsenbz@fema.gov,Female,$0.57
true,98,4467 Jackson Pass,chehlc0@ovh.net,Male,$9.69
false,6,1 Scofield Parkway,jshiersc1@ocn.ne.jp,Male,$3.44
false,31,9913 Derek Plaza,tbrennansc2@list-manage.com,Male,$0.64
false,84,0 Lake View Parkway,hbenec3@so-net.ne.jp,Female,$2.54
false,53,7 Summer Ridge Alley,aohartaganc4@ftc.gov,Polygender,$0.35
true,18,542 Loomis Place,sgiroldic5@discovery.com,Male,$0.22
true,47,82359 Utah Terrace,aharfordc6@moonfruit.com,Male,$1.86
false,55,52 Stone Corner Park,lgrixc7@independent.co.uk,Male,$5.31
true,18,2369 Towne Center,mtestinc8@people.com.cn,Female,$9.30
true,15,2 Northview Lane,cburnipc9@parallels.com,Male,$9.93
false,93,9308 Farmco Plaza,cpearmineca@ycombinator.com,Female,$4.19
true,60,7 Nova Point,cgreenfieldcb@tmall.com,Female,$1.23
true,85,4 Pine View Court,mdemongeotcc@opera.com,Female,$0.23
true,79,92 Onsgard Court,csimoniancd@webnode.com,Male,$5.05
false,2,1 Del Sol Alley,dkennairdce@typepad.com,Male,$5.09
true,52,1 Duke Park,tneligancf@yelp.com,Female,$9.63
false,96,64 Donald Road,fhinckesmancg@dropbox.com,Male,$2.35
true,19,9 Mifflin Junction,llakesch@fotki.com,Female,$7.02
true,16,8358 Swallow Plaza,inilgesci@dagondesign.com,Male,$0.51
true,1,834 Hudson Street,abunkercj@dropbox.com,Male,$6.42
true,24,6 Ridgeway Way,fdelaprelleck@google.pl,Male,$7.58
true,65,31 Novick Point,cdevennycl@histats.com,Male,$3.48
true,3,22 Prairieview Circle,mbeatencm@imageshack.us,Male,$0.15
true,30,943 Dryden Hill,mtidswellcn@virginia.edu,Male,$5.43
false,25,97 Butterfield Pass,adecreuzeco@ebay.com,Female,$1.48
false,66,0 Red Cloud Drive,sfullardcp@de.vu,Female,$5.12
false,38,732 Hazelcrest Avenue,haventcq@over-blog.com,Female,$1.56
true,5,6 Cordelia Road,hiliffecr@army.mil,Female,$0.61
true,42,0588 Sundown Court,nrenzullocs@wp.com,Female,$3.37
false,58,33972 Mayfield Junction,bgosartct@umich.edu,Female,$2.41
true,49,4 Vermont Avenue,fantoszewskicu@census.gov,Female,$1.97
false,47,21 Blue Bill Park Park,qgirkecv@dailymotion.com,Male,$2.70
false,62,15 Dovetail Trail,lclucascw@dailymotion.com,Female,$4.01
false,54,0875 Tomscot Avenue,hklemenciccx@nydailynews.com,Female,$9.98
true,15,17 Arapahoe Road,hheddycy@baidu.com,Male,$7.96
false,13,84 Acker Circle,jmeescz@nydailynews.com,Female,$2.58
true,97,74116 Sullivan Alley,hbartolinid0@jigsy.com,Female,$4.09
true,72,68275 Ludington Avenue,agertzd1@photobucket.com,Female,$3.56
true,92,12 Bonner Street,ebedind2@networkadvertising.org,Female,$0.12
false,78,145 Eagle Crest Place,lforsterd3@topsy.com,Female,$6.37
false,19,7 Waxwing Junction,aquinneyd4@epa.gov,Male,$7.72
false,31,6843 Bobwhite Terrace,dgabbetisd5@disqus.com,Male,$2.83
false,14,026 Oak Valley Circle,pnottid6@accuweather.com,Male,$9.62
false,46,87 Kensington Trail,akrugmannd7@cbc.ca,Female,$6.14
true,8,205 Golf Course Crossing,afarnied8@technorati.com,Female,$5.62
false,43,40 Nelson Drive,nwellingd9@cmu.edu,Female,$2.50
true,69,2038 Swallow Center,kgaughanda@homestead.com,Male,$2.22
false,72,50 Southridge Court,jchangdb@shinystat.com,Female,$8.90
false,72,520 Tennessee Alley,bcollcottdc@tinypic.com,Male,$1.93
false,33,8 Kennedy Crossing,gmccolleydd@shinystat.com,Male,$1.46
false,6,846 Dwight Crossing,jsandercockde@flickr.com,Female,$0.37
false,80,534 Welch Trail,apetraitisdf@xrea.com,Male,$9.98
false,23,3597 Hoepker Terrace,mdeschelledg@ehow.com,Female,$1.98
false,63,9006 Mandrake Alley,sjoselanddh@jiathis.com,Agender,$0.86
true,91,75 Dixon Place,rsandersondi@lycos.com,Male,$8.24
false,43,00 Shoshone Trail,fgillicuddydj@behance.net,Female,$9.25
true,62,1878 Gulseth Hill,bchopindk@state.tx.us,Female,$2.35
false,89,04 Russell Point,libertdl@chicagotribune.com,Female,$1.35
false,92,959 Cottonwood Crossing,hchadwelldm@netlog.com,Female,$8.65
false,31,27888 Delaware Court,kebanksdn@unesco.org,Male,$6.59
true,75,85243 Village Park,ccockaynedo@bigcartel.com,Bigender,$1.85
true,78,50 Jenifer Place,bmacronalddp@google.com,Female,$9.29
false,68,25153 Norway Maple Street,dhenworthdq@pen.io,Male,$6.18
false,36,1 Granby Lane,gridewooddr@is.gd,Male,$1.61
false,2,755 Stoughton Trail,aassurds@google.nl,Female,$4.03
true,68,24641 Hansons Parkway,ddrohandt@amazon.co.jp,Female,$5.18
false,64,64 International Parkway,vromanetdu@csmonitor.com,Female,$3.05
true,98,77 Green Ridge Lane,aporteousdv@histats.com,Male,$4.76
true,57,87019 Grover Center,gguestdw@so-net.ne.jp,Male,$5.18
false,55,9 Center Circle,molyonovdx@so-net.ne.jp,Female,$2.12
true,5,1665 Loftsgordon Parkway,dolssondy@tripod.com,Female,$1.94
true,100,0014 Hanover Point,maaronsdz@sohu.com,Female,$7.89
true,22,46 Ruskin Park,ncrallane0@about.me,Male,$4.72
true,4,2 Hooker Point,smitskeviche1@nbcnews.com,Female,$8.61
true,82,3218 Eggendart Way,smollindiniae2@weather.com,Male,$3.01
true,81,4674 Tony Drive,jdeathe3@pinterest.com,Male,$0.77
true,53,3 Lawn Street,rmilnee4@amazon.com,Female,$3.79
true,20,03 Becker Center,ttruckette5@smugmug.com,Male,$5.15
false,97,45 Scoville Way,nhadyee6@zimbio.com,Female,$3.96
false,98,7 Gerald Pass,mmcilreavye7@wikispaces.com,Male,$5.07
false,39,3 Arrowood Point,vmerrimente8@lycos.com,Male,$6.13
false,83,1 Muir Plaza,ppickupe9@army.mil,Male,$3.86
true,15,33974 Fulton Crossing,gbuckseyea@cdbaby.com,Male,$3.43
false,24,177 Montana Drive,bdinseyeb@wufoo.com,Genderfluid,$2.37
false,52,27 Oak Parkway,zmcentagartec@wufoo.com,Female,$1.52
false,93,500 Nova Place,wspallsed@reuters.com,Agender,$0.01
false,92,80 Prairieview Plaza,ldabnotee@skyrock.com,Female,$3.27
false,13,2455 Londonderry Street,ccurroef@cocolog-nifty.com,Male,$0.27
true,61,92736 Garrison Point,ccromptoneg@unicef.org,Female,$3.36
false,64,6679 Mandrake Crossing,freyeh@sitemeter.com,Female,$5.61
true,68,24 Melrose Alley,aclarycottei@yandex.ru,Male,$6.81
false,94,863 Amoth Park,gmarczykej@earthlink.net,Male,$2.13
true,68,9 Donald Court,bbeaconek@europa.eu,Male,$9.23
false,77,3657 Schiller Circle,scadamyel@ycombinator.com,Female,$4.29
true,69,232 Warner Court,fshadfourthem@umn.edu,Female,$1.39
true,67,67 Bobwhite Center,arussoen@google.fr,Male,$4.24
true,50,0 Green Crossing,npedreschieo@ebay.co.uk,Female,$0.01
false,67,21 5th Terrace,hfarryep@rediff.com,Male,$7.09
true,79,629 Lakeland Junction,mnappineq@flickr.com,Male,$3.58
false,25,5 Memorial Way,khansterer@tumblr.com,Male,$2.30
false,52,45406 Claremont Road,cruoffes@icio.us,Bigender,$4.52
false,52,3831 Buena Vista Parkway,tcausbyet@icio.us,Male,$4.73
false,15,0161 Shoshone Court,gbatterbeeeu@forbes.com,Male,$1.76
true,80,97084 Mccormick Hill,wdunkertonev@seesaa.net,Non-binary,$7.26
true,95,6 Lunder Plaza,powensonew@noaa.gov,Male,$4.14
false,60,8823 Debs Road,lcolwillex@usgs.gov,Female,$4.13
true,32,42 Beilfuss Place,binnocentiey@discovery.com,Female,$8.07
false,36,01111 Dahle Center,banfonsiez@ycombinator.com,Genderqueer,$7.61
true,46,5 Bartillon Hill,tlantufff0@furl.net,Male,$0.32
true,14,3548 Rigney Lane,arubinowiczf1@webs.com,Female,$1.15
false,70,67 Truax Parkway,cdufallf2@nba.com,Male,$0.56
true,46,74 Nancy Way,mjudgef3@tripod.com,Genderqueer,$1.93
false,44,840 Doe Crossing Court,eskotcherf4@squidoo.com,Female,$1.53
false,14,6 Butternut Parkway,lhanniganf5@chronoengine.com,Female,$7.17
true,87,89885 Hoard Street,hedmeadsf6@businesswire.com,Female,$2.18
false,44,3615 Redwing Pass,mdiperausf7@histats.com,Male,$0.01
true,87,3894 1st Point,gwahlbergf8@bandcamp.com,Male,$9.91
false,34,9440 Marcy Trail,ogoresf9@apple.com,Female,$3.12
false,46,4 Heath Crossing,groutledgefa@stumbleupon.com,Female,$3.98
false,29,391 Artisan Parkway,cmechifb@mysql.com,Polygender,$4.14
true,64,7 Straubel Crossing,hsheptonfc@canalblog.com,Female,$1.63
false,7,590 Maple Wood Terrace,ebolmannfd@spiegel.de,Male,$9.31
true,2,60 Bunting Junction,jhacketfe@tiny.cc,Male,$5.88
false,35,0 Killdeer Street,mlevettff@disqus.com,Male,$5.82
true,17,86491 Stoughton Hill,owetheredfg@mail.ru,Female,$5.64
false,3,9289 Summit Court,mewartfh@nbcnews.com,Female,$9.25
false,60,4 Oak Valley Road,ktankinfi@ow.ly,Male,$0.43
true,41,9 Fairview Road,lstollbergerfj@nps.gov,Female,$5.58
false,37,9 Iowa Avenue,gfollenfk@hao123.com,Female,$6.53
false,6,8 Division Way,mfilsonfl@businessweek.com,Female,$6.54
false,83,9811 Elgar Lane,tgoddertsffm@last.fm,Male,$7.49
false,85,18884 Esker Drive,aallattfn@pen.io,Male,$8.93
true,51,5 Mayfield Place,klettfo@printfriendly.com,Female,$7.83
true,13,462 Sugar Center,rtrustriefp@homestead.com,Male,$6.95
false,85,8 Kings Terrace,ejancicfq@nba.com,Genderfluid,$7.71
false,74,2 Morning Hill,csinkinfr@behance.net,Female,$2.98
false,19,656 Farragut Alley,sbrokerfs@pcworld.com,Female,$3.20
true,3,9 Oriole Lane,gleesonft@illinois.edu,Male,$10.00
true,35,10071 Redwing Center,fvalentinfu@delicious.com,Male,$2.02
false,4,22505 Oxford Alley,cibbersonfv@blinklist.com,Female,$2.16
true,86,22633 Huxley Street,pseresfw@hostgator.com,Female,$3.28
false,95,36371 Moose Trail,bembrafx@virginia.edu,Male,$7.89
false,67,9 Rockefeller Terrace,msuggittfy@prweb.com,Non-binary,$7.44
true,69,38211 Hagan Junction,kbremnerfz@thetimes.co.uk,Female,$3.34
true,96,72949 Derek Way,rgamwellg0@hud.gov,Female,$2.19
false,25,83310 Kenwood Hill,kcurromg1@paypal.com,Male,$8.65
true,59,0 Stone Corner Place,dbrouneg2@360.cn,Male,$1.36
false,98,75 Nancy Point,gdacksg3@guardian.co.uk,Male,$8.08
true,61,2274 North Road,atreppasg4@blogspot.com,Female,$4.17
false,80,78676 Gulseth Drive,dcucuzzag5@godaddy.com,Female,$9.04
false,3,36 Vahlen Center,mpickavantg6@miibeian.gov.cn,Polygender,$9.45
false,27,1 Ludington Road,tduffing7@comsenz.com,Male,$0.19
true,64,2 Kinsman Street,nchastong8@shinystat.com,Male,$4.71
false,94,8 Loomis Parkway,lhayersg9@miibeian.gov.cn,Male,$4.20
true,80,76116 Fairview Parkway,ddoxeyga@php.net,Male,$8.89
true,65,1228 David Center,jpollicotegb@vkontakte.ru,Non-binary,$8.29
false,23,36944 Evergreen Drive,jkuzemkagc@thetimes.co.uk,Female,$7.65
false,40,353 Menomonie Parkway,cmcneicegd@tumblr.com,Male,$3.27
false,85,4015 Helena Avenue,ntorrisige@wufoo.com,Female,$2.93
false,99,639 Talmadge Plaza,hgaynsfordgf@addthis.com,Male,$5.44
true,64,744 Westridge Point,rmagsongg@histats.com,Male,$4.06
true,51,134 Forest Hill,klanglandsgh@loc.gov,Female,$5.79
true,18,146 Oriole Drive,jsindlegi@scientificamerican.com,Female,$2.75
false,70,2424 Debra Street,sgogingj@t.co,Male,$2.60
true,51,039 Meadow Vale Road,jbartigk@omniture.com,Female,$2.19
true,95,1982 Mallard Pass,bmccollgl@google.com.au,Male,$1.55
true,14,45049 Aberg Circle,lbowderygm@reverbnation.com,Male,$9.88
false,65,708 Hanson Court,gbruyettgn@apache.org,Female,$0.58
false,61,69 Bultman Crossing,tloverockgo@privacy.gov.au,Female,$2.36
false,13,80542 Warbler Center,rbrancagp@macromedia.com,Genderfluid,$4.88
false,80,3 Hayes Parkway,hbrimelowgq@de.vu,Male,$1.90
true,50,1606 Chive Center,ysiemongr@fc2.com,Female,$5.12
false,97,9760 Golden Leaf Lane,jsquibbgs@geocities.com,Non-binary,$6.71
true,6,22 Judy Crossing,wharrygt@cyberchimps.com,Female,$0.19
true,28,780 Lunder Avenue,kjuangu@hud.gov,Female,$7.03
false,97,511 Brown Place,wcassygv@yandex.ru,Male,$1.59
false,48,03604 Chive Park,mhadcroftgw@cornell.edu,Male,$2.26
true,91,0015 Haas Plaza,tnarramoregx@cmu.edu,Female,$1.36
false,14,05 Jenifer Junction,hhansomgy@qq.com,Female,$7.74
true,82,495 Garrison Center,fsibthorpegz@google.es,Male,$4.85
false,28,7 Dawn Court,aboskellh0@theglobeandmail.com,Genderfluid,$6.87
true,70,1242 Forest Lane,gelverstoneh1@youku.com,Bigender,$5.38
true,40,4564 Debs Avenue,hsandercockh2@pcworld.com,Male,$2.35
false,43,87537 Dexter Crossing,dfeaveryearh3@desdev.cn,Female,$1.31
false,52,91 Lakewood Gardens Road,ldennerlyh4@vkontakte.ru,Male,$4.11
true,22,5878 Eliot Junction,dhutsbyh5@dailymail.co.uk,Male,$3.50
true,10,3 Victoria Circle,eshilladayh6@google.fr,Female,$6.20
false,66,444 Fremont Way,jdrakefordh7@biglobe.ne.jp,Female,$3.17
true,20,23 Debra Drive,delvenh8@soup.io,Female,$6.28
false,74,6826 Mandrake Drive,lwarkeh9@webmd.com,Male,$3.48
false,55,324 Shoshone Road,ccumberbatchha@artisteer.com,Female,$3.62
true,53,255 Manufacturers Road,toshevlanhb@stumbleupon.com,Male,$8.96
true,61,9076 Moland Point,dcindereyhc@mlb.com,Female,$4.26
true,36,677 Macpherson Point,jstidworthyhd@woothemes.com,Female,$4.50
true,34,2 Merrick Alley,gprimehe@dell.com,Female,$5.81
true,63,7 Fallview Pass,vstoltinghf@smugmug.com,Female,$9.35
true,91,88 Mifflin Center,scroptonhg@sakura.ne.jp,Female,$3.63
true,11,3162 Haas Center,gszachniewiczhh@clickbank.net,Male,$5.42
true,41,5 Oriole Park,lvidyapinhi@marriott.com,Female,$4.22
true,88,17674 Lotheville Lane,dfanshawhj@jiathis.com,Female,$5.53
true,32,73 Petterle Trail,tgreensteadhk@hud.gov,Female,$5.03
true,46,14524 Chive Plaza,rsellnerhl@google.de,Female,$6.70
false,65,840 Banding Way,ppersencehm@nhs.uk,Female,$1.27
false,28,182 Superior Crossing,btythehn@washingtonpost.com,Female,$8.02
true,1,31 High Crossing Lane,pscurrerho@hexun.com,Male,$0.08
false,35,389 Shasta Park,ebleakmanhp@bigcartel.com,Female,$0.30
true,55,822 Coolidge Circle,kkeymarhq@nbcnews.com,Female,$7.56
true,38,00 Cherokee Place,jgotecliffehr@eventbrite.com,Genderfluid,$6.50
false,81,04317 Sycamore Lane,anewlovehs@facebook.com,Female,$5.77
false,8,6 Porter Lane,oeillesht@home.pl,Female,$7.19
false,60,9766 Calypso Center,celiassenhu@360.cn,Female,$1.25
false,3,2 Meadow Ridge Court,blettingtonhv@woothemes.com,Male,$5.14
true,84,7 Stephen Street,hhandmorehw@wix.com,Male,$4.45
true,59,2042 Toban Park,mneillhx@jigsy.com,Female,$5.83
false,55,11988 Sheridan Trail,croydonhy@dedecms.com,Female,$8.80
false,28,6920 Southridge Avenue,dconyardhz@studiopress.com,Male,$0.29
true,62,9919 Basil Hill,cboosti0@free.fr,Male,$1.61
true,58,38 Hansons Avenue,clockharti1@bizjournals.com,Female,$5.97
true,34,496 Northland Street,pchelli2@vistaprint.com,Male,$9.21
false,31,46 Logan Trail,jyatmani3@irs.gov,Male,$9.12
true,28,880 School Junction,bcoultasi4@nih.gov,Agender,$9.53
true,5,394 Westend Street,zmcilvaneyi5@cam.ac.uk,Female,$6.39
false,38,4262 West Trail,lcordseni6@soup.io,Agender,$5.38
false,95,3635 Hanover Center,ocaltoni7@marriott.com,Male,$3.21
true,56,0 Independence Crossing,cgrisedalei8@virginia.edu,Female,$0.33
false,52,990 Bay Court,tfitkini9@parallels.com,Female,$0.87
true,99,8434 Mockingbird Way,bfaneia@businessinsider.com,Male,$0.44
false,11,1 Spenser Court,ksowdenib@newyorker.com,Male,$5.20
false,100,9 Division Terrace,bstiegarsic@microsoft.com,Male,$3.59
true,50,09 Menomonie Hill,lknappittid@ucla.edu,Agender,$4.79
true,32,5127 Derek Court,schatterisie@unblog.fr,Polygender,$2.33
true,7,9636 Buell Road,cfrancklynif@devhub.com,Male,$3.77
false,6,74 Ridgeway Pass,mnapoleoneig@ucsd.edu,Male,$7.54
false,56,0364 Hanover Crossing,ptoothillih@people.com.cn,Female,$1.64
true,86,385 Westridge Terrace,flagrangeii@vinaora.com,Male,$2.28
true,38,726 Brentwood Pass,dpeschmannij@abc.net.au,Male,$0.99
true,28,12 Talmadge Center,gbinerik@rambler.ru,Male,$1.53
true,48,00372 Sherman Avenue,wmessiteril@theglobeandmail.com,Female,$0.70
false,86,44735 Stang Place,rlendenim@scribd.com,Genderqueer,$0.75
false,96,0215 Lillian Place,smarain@ask.com,Female,$3.89
false,47,82 Bartelt Pass,ahelleckasio@joomla.org,Male,$5.44
false,7,3799 Carberry Hill,dschorahip@newsvine.com,Female,$1.84
true,98,9 Southridge Avenue,gculliq@amazonaws.com,Female,$2.29
false,78,0 Hermina Hill,vmcgebenayir@friendfeed.com,Female,$5.27
true,6,18 Moland Alley,adomekis@free.fr,Female,$4.59
true,98,7 Fieldstone Road,hpilmoreit@google.cn,Female,$8.81
false,63,7937 Prairieview Junction,cbrislandiu@mit.edu,Female,$5.28
false,70,92 Dapin Plaza,jparkhouseiv@moonfruit.com,Male,$1.46
true,35,811 Farwell Circle,zjeffordiw@nba.com,Female,$0.53
true,75,80 Anderson Alley,wvaleroix@1und1.de,Female,$9.40
true,65,976 Goodland Circle,lelceiy@parallels.com,Female,$8.86
true,56,30 Westridge Alley,folorenshawiz@github.io,Male,$6.19
false,95,80422 Mariners Cove Circle,kthornhamj0@goo.gl,Female,$5.14
false,91,3068 Roth Park,mghilardij1@ezinearticles.com,Male,$1.98
false,68,08 Bluejay Point,zbassetj2@123-reg.co.uk,Male,$3.66
false,83,4660 Dapin Point,centwhistlej3@wikipedia.org,Female,$4.30
true,57,9370 Clove Lane,szecchinellij4@digg.com,Female,$9.25
true,54,8 Talisman Pass,nmilsteadj5@blogger.com,Male,$7.47
true,18,3504 Corry Terrace,wlanfranconij6@reference.com,Male,$9.98
true,1,07157 Pond Point,opopovj7@msn.com,Non-binary,$5.15
true,88,20 Brown Pass,cgrubbej8@apache.org,Female,$3.63
false,12,71 Paget Circle,abeeswingj9@scribd.com,Male,$2.46
true,86,086 Transport Park,dbuggyja@jiathis.com,Female,$5.26
true,99,27 Express Road,tbrashierjb@google.com.au,Female,$1.99
false,69,6 Forest Plaza,tbeethamjc@usda.gov,Female,$4.07
true,19,58 Cardinal Pass,oneisingjd@irs.gov,Male,$1.21
true,59,81610 Main Place,klettyje@dot.gov,Agender,$2.66
true,54,250 Claremont Point,rlesorjf@va.gov,Male,$4.54
false,9,132 La Follette Center,ehutchinsjg@wsj.com,Female,$3.21
true,90,8431 Dexter Hill,jbalamjh@cbsnews.com,Male,$7.85
true,91,88991 Anderson Parkway,dchantlerji@vk.com,Female,$2.84
false,37,3072 Dixon Lane,acrocijj@sciencedirect.com,Female,$2.11
true,9,37639 Namekagon Road,aabrahamssonjk@hostgator.com,Female,$5.17
false,68,6 Cody Alley,pohingertyjl@ezinearticles.com,Non-binary,$5.63
false,88,5743 Doe Crossing Road,mripperjm@reference.com,Non-binary,$6.46
true,40,04 Lakeland Crossing,ogallenjn@istockphoto.com,Female,$9.90
true,86,7 Manufacturers Road,kduhameljo@sakura.ne.jp,Female,$8.05
true,39,46148 Holy Cross Alley,obedwardjp@google.ru,Female,$0.28
true,27,379 Steensland Drive,mbluejq@cnbc.com,Female,$3.84
false,28,92416 Anderson Parkway,nnighjr@arstechnica.com,Male,$9.63
true,68,05 Glacier Hill Trail,epentecostjs@senate.gov,Female,$8.91
true,15,1 Oak Plaza,fhorningjt@reddit.com,Female,$3.23
false,15,23 Delaware Plaza,jvidlocju@topsy.com,Male,$8.22
false,86,34691 Red Cloud Plaza,bpollejv@cam.ac.uk,Male,$1.79
true,45,35 Di Loreto Avenue,pcourtliffjw@typepad.com,Female,$4.14
true,5,07162 Evergreen Pass,epressdeejx@feedburner.com,Female,$6.64
true,74,46333 Kingsford Center,dyellowleesjy@youku.com,Female,$2.35
true,62,67413 Upham Alley,dgreensladejz@nymag.com,Male,$9.36
true,46,3917 Buena Vista Lane,sedlerk0@sogou.com,Female,$2.78
true,68,979 Bayside Street,sduggenk1@etsy.com,Polygender,$2.54
true,9,7 Brentwood Pass,mingarfillk2@bbb.org,Female,$3.50
true,39,8 Lakeland Street,iwoofindenk3@hhs.gov,Male,$2.75
false,44,2 Waywood Avenue,bgregorattik4@paypal.com,Male,$3.26
false,4,5 Schmedeman Lane,hpiggink5@imgur.com,Female,$4.32
true,14,4571 Norway Maple Pass,iknapperk6@wordpress.org,Male,$3.20
true,14,75072 Farragut Circle,mbalazsk7@altervista.org,Male,$5.20
false,28,58 Weeping Birch Trail,gholahk8@japanpost.jp,Non-binary,$4.51
false,26,33901 Anderson Avenue,ljacoxk9@behance.net,Female,$7.41
false,8,02 Shelley Drive,ssummerskillka@chicagotribune.com,Male,$9.38
false,51,87359 Vermont Street,aalgerkb@elegantthemes.com,Female,$7.56
true,41,802 Summit Road,kbrennenstuhlkc@cisco.com,Female,$0.23
true,99,89683 Maple Wood Crossing,pgabitiskd@google.com.au,Male,$3.60
false,82,2026 Village Park,erouxke@tumblr.com,Bigender,$0.88
true,14,50023 Waubesa Lane,eellwandkf@aol.com,Female,$6.04
true,47,0 Donald Lane,dgrebbinkg@rambler.ru,Male,$6.63
false,39,0062 Meadow Valley Court,pmaliffekh@chicagotribune.com,Female,$0.93
false,48,330 Sunbrook Hill,enorledgeki@php.net,Bigender,$5.11
false,25,84 Golf View Point,hdenfordkj@europa.eu,Male,$9.48
true,71,5378 Kim Point,bmackk@cmu.edu,Male,$7.79
true,85,16 Judy Terrace,pveneskl@sakura.ne.jp,Female,$0.41
true,31,6788 Porter Trail,abuntenkm@goo.ne.jp,Male,$9.18
true,11,344 Heffernan Drive,selgeykn@1688.com,Female,$9.62
true,47,1 Northport Circle,tvazquezko@comcast.net,Male,$4.41
false,49,0 Kinsman Park,cmahakp@gnu.org,Female,$4.72
true,26,71035 Londonderry Point,bballinkq@reddit.com,Male,$4.50
false,27,6152 Maple Wood Street,ctrevearkr@cnet.com,Female,$7.52
true,65,46803 Hermina Hill,gjulyanks@youku.com,Female,$7.86
true,99,1038 Pennsylvania Terrace,sflottkt@blog.com,Male,$5.26
true,27,43621 Village Center,xcockertonku@google.es,Male,$5.85
true,47,8 Crest Line Pass,kwrinchkv@fda.gov,Female,$6.70
false,15,1 Lawn Trail,fdiggleskw@webs.com,Female,$6.52
true,31,67736 Park Meadow Parkway,sbastardkx@noaa.gov,Male,$7.05
false,30,22667 Alpine Alley,ctrehearnky@comcast.net,Female,$9.62
false,60,8 Roth Street,pespinosakz@google.co.jp,Female,$6.30
true,22,43751 Linden Park,tiiannonil0@cocolog-nifty.com,Female,$9.68
false,37,1690 Steensland Terrace,santoneyl1@redcross.org,Male,$2.52
true,100,1694 Pepper Wood Court,eboliverl2@devhub.com,Female,$3.05
true,44,197 Melby Plaza,cheffordel3@sourceforge.net,Female,$1.30
true,80,081 Express Junction,mpiattol4@moonfruit.com,Female,$0.91
false,72,95360 Tennyson Drive,ctrappel5@arstechnica.com,Female,$6.08
true,5,88 Buhler Road,fhindesl6@seesaa.net,Male,$3.43
true,72,7 Truax Road,rdeyel7@twitpic.com,Male,$7.37
false,88,3 Memorial Alley,omaynardl8@flavors.me,Male,$5.47
false,8,95 Jenifer Trail,mfriettl9@tinypic.com,Male,$7.99
true,17,85740 Becker Parkway,mtiela@behance.net,Male,$5.33
true,80,5 Corry Place,dthrosselllb@irs.gov,Male,$6.76
false,36,2781 Arapahoe Center,ahammersonlc@joomla.org,Female,$7.91
false,91,9030 Pennsylvania Center,crabidgeld@studiopress.com,Female,$3.43
false,60,287 Morningstar Hill,dcraneyle@sciencedirect.com,Female,$9.74
false,7,8519 Hoffman Terrace,pformielf@huffingtonpost.com,Female,$3.59
false,35,721 Northwestern Road,lroddicklg@tinyurl.com,Male,$6.82
false,66,5747 Center Pass,rtyelh@about.com,Female,$8.91
true,34,15 Stuart Parkway,bvivyanli@yahoo.com,Female,$0.97
true,96,9 Maple Junction,bburniplj@instagram.com,Male,$3.32
false,90,96 Crowley Street,hcrayklk@google.nl,Female,$4.63
false,74,4478 Bellgrove Pass,mmccathiell@webmd.com,Female,$6.75
true,96,763 Judy Place,jgarrettsonlm@theglobeandmail.com,Female,$5.26
true,70,21673 Manufacturers Road,swynrehameln@redcross.org,Female,$7.83
false,41,306 Wayridge Road,hnickolslo@g.co,Female,$2.04
false,33,368 Texas Avenue,tdummiganlp@usda.gov,Female,$1.54
false,8,0 Kings Hill,ktomkinlq@plala.or.jp,Male,$3.49
true,51,98594 Scofield Lane,mduddridgelr@joomla.org,Female,$6.68
false,46,74 Maywood Alley,haddenbrookels@alexa.com,Genderfluid,$3.88
true,19,38314 Marcy Avenue,rtimpanylt@ucla.edu,Male,$6.93
true,23,93 Miller Crossing,lpenrithlu@xrea.com,Male,$6.49
true,47,674 Bashford Court,fsallierelv@yale.edu,Male,$5.76
true,92,193 Jenifer Drive,owoolveridgelw@gnu.org,Female,$5.70
true,20,266 Parkside Center,dklaessonlx@wordpress.com,Male,$4.17
true,95,77907 Scoville Crossing,sreachly@cyberchimps.com,Female,$6.36
true,6,3 Susan Park,ecrosthwaitelz@msn.com,Male,$1.88
false,2,390 Myrtle Road,ilehenmannm0@linkedin.com,Female,$4.74
false,53,7 Sycamore Park,askiptonm1@sciencedirect.com,Female,$7.25
false,13,618 Fordem Park,eyoutheadm2@intel.com,Female,$1.14
false,34,15 Union Hill,gheintschm3@pagesperso-orange.fr,Female,$5.50
false,9,92 Glendale Crossing,mpatifieldm4@elegantthemes.com,Female,$1.68
true,38,63996 Welch Court,cmundiem5@cdbaby.com,Female,$9.14
false,100,121 Superior Alley,bbraistedm6@tinyurl.com,Male,$2.13
true,3,6 Logan Plaza,cruggm7@house.gov,Male,$0.23
false,40,6 Mcbride Hill,hathowem8@wiley.com,Female,$9.00
true,76,83904 Bartelt Road,msaylorm9@unesco.org,Male,$9.79
false,44,88265 John Wall Pass,glibbyma@microsoft.com,Female,$0.03
false,79,20608 Lukken Trail,dsemoradmb@cyberchimps.com,Male,$9.81
false,23,8 Toban Center,gwimlettmc@ca.gov,Male,$5.68
false,9,8551 Amoth Point,jrammmd@hibu.com,Male,$8.90
true,28,33 Loeprich Place,nthornebarrowme@reuters.com,Male,$4.14
false,28,5579 Michigan Hill,ebellomf@whitehouse.gov,Male,$8.93
true,47,65463 Bonner Pass,glepoidevinmg@cafepress.com,Male,$6.77
false,44,10 Springs Pass,jgandarmh@walmart.com,Male,$4.78
true,35,81337 Bobwhite Crossing,dstigermi@posterous.com,Polygender,$6.41
true,5,49057 Dwight Place,hforrestormj@weibo.com,Agender,$0.58
false,8,4 Village Green Park,bhebbsmk@tmall.com,Male,$5.03
true,67,5393 Dwight Lane,evanderbaarenml@smugmug.com,Male,$4.58
true,32,4 Schurz Place,pnolotmm@discuz.net,Male,$2.48
false,23,1861 Mitchell Terrace,cdanahermn@constantcontact.com,Male,$6.47
false,98,493 Jenna Parkway,bjeannotmo@slashdot.org,Male,$3.34
false,83,06591 Muir Place,mcoombsmp@examiner.com,Male,$3.64
true,49,95 Del Mar Parkway,mcomerfordmq@w3.org,Female,$9.03
true,74,661 Hudson Circle,hstilldalemr@tamu.edu,Female,$0.29
true,83,68 Gina Alley,ohellyarms@fema.gov,Male,$0.86
true,68,1432 Cody Crossing,cautymt@pcworld.com,Male,$8.21
false,48,193 Cascade Way,jbrumfittmu@disqus.com,Female,$1.20
false,47,680 Steensland Crossing,vslowgravemv@yelp.com,Male,$6.60
false,87,25 Hagan Point,lmansourmw@mtv.com,Male,$8.88
false,100,7894 Fairview Hill,mskiltonmx@marketwatch.com,Male,$1.99
false,95,43782 2nd Point,jscogganmy@amazon.co.jp,Female,$1.64
true,14,7 Anniversary Place,dgrutmz@cafepress.com,Female,$3.71
true,54,24406 Kensington Hill,tstollin0@nifty.com,Male,$3.99
false,72,51193 Claremont Alley,cmarklinn1@dedecms.com,Female,$7.19
false,12,591 Ohio Center,gloxlyn2@cocolog-nifty.com,Female,$2.54
true,40,09547 Miller Street,dmuntn3@xing.com,Genderqueer,$2.33
false,81,00098 Dovetail Drive,cjanun4@diigo.com,Female,$1.59
true,96,6619 Prairie Rose Trail,ahigbinn5@uol.com.br,Male,$9.35
false,38,0 Clove Crossing,jjeanneln6@bigcartel.com,Male,$4.78
true,60,9 Johnson Parkway,hgwiltn7@soup.io,Female,$2.26
true,50,2075 Browning Trail,hgaddasn8@t.co,Female,$6.43
false,38,3 Butternut Circle,pdmitrievskin9@multiply.com,Female,$4.84
false,7,803 Lunder Circle,rdysonna@icq.com,Female,$1.35
false,83,13 Forest Road,mdatonnb@amazon.co.uk,Male,$7.60
true,48,89 Monterey Center,jmacfaddennc@wunderground.com,Polygender,$7.01
false,49,4 Dahle Parkway,dfrankennd@patch.com,Female,$1.25
true,99,652 Anniversary Alley,sheineckene@google.com.hk,Female,$9.44
true,3,3751 Tennyson Point,rmurrishnf@domainmarket.com,Male,$2.60
false,86,452 Welch Court,nriccioneng@surveymonkey.com,Male,$9.54
true,25,6 Trailsway Pass,nseymarknh@state.gov,Female,$3.69
false,13,11 Vahlen Parkway,osimonyini@usatoday.com,Female,$4.10
false,83,40 East Alley,dpittwoodnj@boston.com,Non-binary,$2.82
false,75,508 Duke Street,adrackfordnk@mysql.com,Male,$3.97
true,53,68284 Almo Hill,klavericknl@chronoengine.com,Male,$3.44
true,53,95972 Shopko Pass,jeastesnm@buzzfeed.com,Male,$6.54
true,67,28 Susan Way,astannasnn@phpbb.com,Female,$9.55
true,27,5 Hoffman Road,cfossordno@redcross.org,Male,$5.56
false,9,6 Sheridan Court,cdebischopnp@bluehost.com,Female,$3.31
true,49,62042 Fremont Drive,hdansernq@narod.ru,Male,$4.47
false,3,024 Bunting Center,everlindenr@alibaba.com,Female,$4.32
false,71,7 Di Loreto Way,abrotherhedns@nasa.gov,Female,$4.32
true,90,72 Mallard Place,fmcilhattonnt@theguardian.com,Agender,$9.95
true,56,96 Meadow Ridge Terrace,ctutchenernu@unesco.org,Male,$5.62
false,16,7 Larry Place,dmckewnv@jimdo.com,Male,$7.46
true,88,28870 Armistice Junction,sjendasnw@goodreads.com,Female,$7.23
true,86,78 Kinsman Street,mfancourtnx@livejournal.com,Male,$6.89
false,73,34 Victoria Court,jwilksny@bbc.co.uk,Male,$6.14
true,32,05 Dixon Court,kblowesnz@vkontakte.ru,Female,$3.90
true,54,95164 Quincy Street,kkondratenkoo0@mtv.com,Male,$8.19
true,59,60 Talmadge Parkway,nmacintosho1@xrea.com,Female,$0.65
true,85,14 Oak Road,spetrolloo2@statcounter.com,Female,$6.53
true,96,91602 Westridge Way,bdionisettoo3@google.com.hk,Male,$9.81
false,53,03 Sunfield Avenue,tbelto4@youku.com,Female,$7.48
true,33,52898 Logan Circle,nmordieo5@columbia.edu,Male,$6.86
false,9,88 Nancy Point,amctaggarto6@rediff.com,Male,$4.03
false,70,3 Kings Junction,cbeviro7@a8.net,Female,$5.21
false,82,08 Quincy Center,vseylero8@harvard.edu,Female,$3.95
true,97,40409 Washington Parkway,bcantero9@wikispaces.com,Male,$2.60
false,70,6 Kedzie Center,csantioa@archive.org,Female,$3.47
false,56,821 Muir Alley,cspibyob@google.cn,Female,$9.28
false,78,0 Golf Course Way,jkemingoc@phoca.cz,Female,$5.50
false,99,1323 Dryden Terrace,ichilcotteod@tripadvisor.com,Female,$7.01
false,4,012 Hagan Lane,glongcakeoe@reference.com,Male,$7.88
true,62,64819 Bellgrove Lane,jarendsenof@artisteer.com,Bigender,$2.01
false,23,3 Summit Way,brollog@upenn.edu,Male,$3.88
true,27,0 Dovetail Crossing,dcaudrayoh@about.me,Male,$3.97
false,83,18132 Sunfield Road,wlaverackoi@livejournal.com,Female,$4.64
false,42,0254 Glendale Circle,vgonneloj@omniture.com,Female,$7.12
true,92,7688 Del Sol Circle,celesok@miitbeian.gov.cn,Male,$6.48
false,6,84823 Magdeline Court,blambornol@harvard.edu,Genderfluid,$3.99
true,89,115 Crownhardt Alley,vtroyesom@usgs.gov,Female,$8.44
true,47,71842 Forest Dale Way,nleftridgeon@tuttocitta.it,Female,$8.79
false,69,61720 Arapahoe Lane,mgroomoo@rambler.ru,Male,$3.48
false,91,902 Florence Point,kcamerelloop@elpais.com,Female,$4.71
true,67,7 Cordelia Plaza,eplumtreeoq@geocities.jp,Female,$7.55
false,70,25 Eastlawn Avenue,lcampor@illinois.edu,Polygender,$9.82
false,28,8 Hagan Circle,ngeraultos@illinois.edu,Male,$1.17
false,25,673 Mcbride Park,mnerneot@indiegogo.com,Male,$9.23
false,32,977 Fairview Street,tmacdavittou@wikipedia.org,Male,$1.17
true,33,543 Banding Point,pmatelyunasov@ebay.com,Female,$6.71
false,31,97816 Delladonna Crossing,pfiggeow@meetup.com,Male,$7.37
true,15,77 Mitchell Trail,ratlingox@blogs.com,Male,$2.10
false,11,27 Westridge Hill,aulyetoy@weebly.com,Male,$3.01
false,12,38 Vera Parkway,dwheelhouseoz@plala.or.jp,Female,$9.29
true,48,825 Johnson Trail,dferrip0@cafepress.com,Polygender,$9.51
false,52,58 Helena Place,asewellp1@baidu.com,Male,$5.82
false,23,793 Crest Line Court,gisseleep2@census.gov,Male,$7.17
false,48,934 Waywood Street,zstanyanp3@hibu.com,Female,$2.31
true,62,6 Kensington Lane,gmcguckinp4@ycombinator.com,Male,$1.16
true,4,8543 Manitowish Junction,mbougenp5@4shared.com,Female,$6.01
false,73,9208 Loeprich Alley,afawsonp6@dell.com,Female,$3.39
true,25,45 Melby Terrace,sstollenwerckp7@istockphoto.com,Female,$9.20
false,53,14367 Pleasure Parkway,jnisuisp8@mapy.cz,Female,$4.29
false,7,02 Sycamore Court,jtottp9@1688.com,Male,$6.18
false,67,5348 East Circle,dbroadheadpa@jigsy.com,Female,$6.30
true,39,5063 2nd Drive,ajurickpb@usatoday.com,Male,$5.18
true,20,0036 Roth Hill,mjentgespc@un.org,Male,$2.52
false,1,6636 Charing Cross Alley,csalvinpd@ihg.com,Male,$1.37
true,55,9 Continental Drive,hbreakeype@unicef.org,Female,$4.22
true,48,07 Vermont Terrace,lsymperpf@1und1.de,Male,$9.81
false,7,12 6th Pass,arowterpg@msu.edu,Male,$2.58
false,5,88159 Gateway Parkway,jpayzeph@liveinternet.ru,Male,$8.70
false,68,499 Westridge Road,hmccrorypi@issuu.com,Female,$3.21
true,37,3 Stang Trail,mreacepj@is.gd,Female,$8.10
false,85,10 Bultman Court,dleitchpk@deliciousdays.com,Female,$9.04
false,20,5732 Walton Circle,hjoshpl@webnode.com,Male,$9.67
false,12,2895 Sachtjen Crossing,mstifepm@squidoo.com,Female,$1.03
true,24,8497 Evergreen Drive,mhardacrepn@typepad.com,Male,$8.09
false,59,4 Vahlen Junction,msimonettipo@cyberchimps.com,Non-binary,$8.86
true,7,934 Porter Junction,fcheerpp@hexun.com,Female,$8.67
true,76,5 Westend Street,rtregunnahpq@usda.gov,Female,$4.64
false,27,90 Duke Lane,gdodlepr@earthlink.net,Female,$9.46
false,12,2 Forest Junction,lcaurahps@godaddy.com,Female,$9.86
true,58,9 Lien Center,khellinpt@wix.com,Male,$4.88
false,3,11 Commercial Circle,mbarensepu@myspace.com,Genderqueer,$1.79
false,1,2 Westerfield Court,mnursepv@scribd.com,Male,$2.59
true,74,873 Lakewood Gardens Place,cbradnumpw@free.fr,Male,$7.63
false,83,3001 Russell Point,mpatullopx@ted.com,Female,$8.69
false,72,140 Anzinger Way,fbednellpy@etsy.com,Genderqueer,$4.45
true,93,370 Quincy Place,hseifertpz@go.com,Female,$0.97
true,15,6 Debs Place,rmolesworthq0@tuttocitta.it,Female,$5.58
false,30,9 Village Pass,ashelfq1@prnewswire.com,Male,$6.71
false,68,8285 Park Meadow Court,lshineq2@rediff.com,Female,$5.76
true,79,4 Monterey Hill,vmadgeq3@illinois.edu,Male,$2.48
false,80,27822 Namekagon Crossing,hchandersq4@gmpg.org,Agender,$1.67
true,81,7 Eagle Crest Court,cimmq5@ted.com,Female,$0.80
false,21,651 Memorial Hill,snajeraq6@nytimes.com,Female,$7.40
true,60,47 Waubesa Parkway,roxfordq7@ameblo.jp,Male,$8.83
false,83,353 Westridge Crossing,adiklesq8@amazon.com,Female,$5.27
true,64,98376 Corscot Court,gshimmanq9@4shared.com,Male,$9.16
false,79,0131 Surrey Crossing,droskellyqa@nytimes.com,Female,$8.12
false,18,2301 Fieldstone Place,imarleyqb@huffingtonpost.com,Male,$5.10
true,85,1 Kings Circle,ddustingqc@go.com,Genderfluid,$9.37
true,8,22088 Lakeland Hill,cbaracloughqd@163.com,Male,$8.13
true,62,8 Cambridge Street,ekloserqe@mysql.com,Male,$7.80
true,59,64 Florence Circle,kaddionisioqf@uiuc.edu,Male,$4.68
true,19,316 Forest Dale Court,colesqg@infoseek.co.jp,Female,$7.74
false,11,28 Scott Point,clicciardoqh@howstuffworks.com,Male,$5.74
true,88,0947 Wayridge Alley,sbrazqi@theatlantic.com,Male,$9.69
true,31,97670 Menomonie Plaza,gbuddingqj@biblegateway.com,Male,$6.45
true,26,48250 Schmedeman Pass,fedwardsqk@alibaba.com,Female,$1.53
true,18,8770 Arapahoe Alley,tcoselyql@taobao.com,Female,$0.35
true,37,41 Heffernan Place,kivushkinqm@skyrock.com,Genderqueer,$4.65
true,93,19671 Dryden Street,aeiversqn@miitbeian.gov.cn,Female,$9.57
false,23,83 Stone Corner Court,oeadieqo@biblegateway.com,Male,$7.69
true,38,65854 Amoth Crossing,cbeahanqp@cbslocal.com,Female,$1.71
true,76,3986 Gulseth Point,bhousbyqq@princeton.edu,Genderfluid,$4.77
false,89,848 Shoshone Center,kskeltonqr@yahoo.co.jp,Male,$2.93
true,77,71 Oakridge Junction,tguinanqs@wired.com,Male,$4.67
true,14,4778 Kipling Pass,cfrancecioneqt@slideshare.net,Female,$4.11
true,53,77 Clemons Circle,cturneyqu@nhs.uk,Genderqueer,$6.03
true,81,688 7th Way,jbithanyqv@prweb.com,Male,$5.23
true,90,55 Independence Circle,batwoolqw@merriam-webster.com,Female,$1.16
true,94,530 Bay Plaza,vedserqx@dmoz.org,Agender,$3.01
false,41,3 Jenna Place,sshannahanqy@phoca.cz,Genderfluid,$2.43
false,66,823 Grasskamp Road,costickqz@seesaa.net,Female,$4.31
true,64,7 Waubesa Plaza,ugoddertsfr0@homestead.com,Female,$2.68
true,34,809 Miller Point,tmacewanr1@wikipedia.org,Bigender,$6.71
true,89,05 Grasskamp Point,mwilcottr2@prweb.com,Male,$8.80
true,46,0278 Arizona Way,mleversonr3@amazon.com,Male,$0.87
true,90,38623 Fairfield Place,marnor4@army.mil,Female,$0.36
true,66,36945 Macpherson Lane,awoodheadr5@163.com,Male,$2.58
true,52,9154 Russell Hill,amistryr6@shinystat.com,Female,$5.46
false,8,1 Mandrake Alley,jqusklayr7@diigo.com,Female,$8.00
false,99,273 Ludington Circle,rmcginleyr8@un.org,Male,$0.50
true,22,57 Harper Drive,kphillippr9@nbcnews.com,Agender,$7.00
false,39,5328 Knutson Lane,sfomichkinra@columbia.edu,Male,$3.44
true,71,768 Dorton Terrace,tlovingrb@redcross.org,Female,$6.36
false,76,06082 Park Meadow Parkway,aprobbingsrc@state.tx.us,Female,$1.86
false,58,5 Elka Park,strainerrd@sciencedaily.com,Female,$4.99
true,6,488 Mayfield Street,kbowryre@craigslist.org,Female,$1.22
true,24,453 Crescent Oaks Alley,imcwhinrf@behance.net,Female,$1.50
false,29,095 Buhler Crossing,bnicklinrg@slideshare.net,Male,$0.77
true,55,91 Independence Hill,wfearnehoughrh@salon.com,Male,$4.61
false,79,84882 Saint Paul Drive,rmurfettri@wp.com,Female,$2.51
false,18,0564 Lotheville Parkway,abrigdalerj@squarespace.com,Male,$1.81
true,81,8 Village Green Alley,mpetticanrk@yellowpages.com,Female,$4.48
true,54,585 Delladonna Point,hjanodetrl@jiathis.com,Female,$8.96
true,90,71 Huxley Center,jtrazzirm@stanford.edu,Female,$6.51
true,53,51114 Summerview Court,rellulrn@sbwire.com,Female,$6.11
false,50,04 Melody Road,rcuredalero@printfriendly.com,Female,$3.48
true,82,13550 Nancy Point,gpockrp@about.me,Female,$3.42
true,64,71337 Trailsway Crossing,bsperingrq@google.pl,Female,$2.68
true,99,259 Merrick Crossing,jrosenzveigrr@constantcontact.com,Bigender,$4.38
